,FEATSUBTYP,NAME,geometry
14522,general hospital,THOMAS EMBLING HOSPITAL,MULTIPOINT (145.0127269507564 -37.78884329165248)
15261,general hospital (emergency),BOX HILL HOSPITAL,MULTIPOINT (145.11837098269484 -37.81389899907303)
15307,general hospital (emergency),DANDENONG HOSPITAL,MULTIPOINT (145.2185058713041 -37.97698686001207)
15335,general hospital (emergency),MAROONDAH HOSPITAL,MULTIPOINT (145.25540588369398 -37.80698685652203)
17402,general hospital,NORTHERN COMMUNITY CARE UNIT,MULTIPOINT (145.02150287298463 -37.736004588926136)
18777,day procedure centre,MANDOMETER,MULTIPOINT (145.00794015974193 -37.9066883550545)
34534,day procedure centre,BALLARAT DAY PROCEDURE CENTRE,MULTIPOINT (143.83229225117154 -37.540539321057516)
34535,day procedure centre,BAYSIDE DAY PROCEDURE AND SPECIALIST CENTRE,MULTIPOINT (145.14338512948825 -38.14817548686574)
34536,day procedure centre,BAYSIDE ENDOSCOPY DAY HOSPITAL,MULTIPOINT (145.03666323285594 -37.93303905018779)
34537,day procedure centre,KNOX DAY HOSPITAL,MULTIPOINT (145.26296331352518 -37.84188363726446)
34543,day procedure centre,BENTLEIGH SURGICENTRE,MULTIPOINT (145.04123897247314 -37.92011149142204)
34549,day procedure centre,BERWICK SURGICENTRE,MULTIPOINT (145.3465244786691 -38.033483139279824)
34557,day procedure centre,VICTORIAN GUT CENTRE BUNDOORA,MULTIPOINT (145.06188459572925 -37.69255960542891)
34558,day procedure centre,CAMBERWELL DAY SURGERY,MULTIPOINT (145.0555059225727 -37.83248683885957)
34565,day procedure centre,CHESTERVILLE DAY HOSPITAL,MULTIPOINT (145.05680834533882 -37.96045382174119)
34566,day procedure centre,COBURG ENDOSCOPY CENTRE,MULTIPOINT (144.96477703882866 -37.745003540098025)
34568,day procedure centre,MARIE STOPES INTERNATIONAL MAROONDAH,MULTIPOINT (145.28877961869054 -37.8089748918577)
34570,day procedure centre,DAREBIN ENDOSCOPY SERVICES,MULTIPOINT (145.01758228475867 -37.78108795693724)
34572,day procedure centre,THE DIGESTIVE HEALTH CENTRE,MULTIPOINT (145.2162078756684 -37.97731704485463)
34579,day procedure centre,EASTSIDE ENDOSCOPY CENTRE,MULTIPOINT (145.22750804911894 -37.819770745662815)
34584,day procedure centre,FOOTSCRAY DAY SURGERY,MULTIPOINT (144.89510595190328 -37.80048683268979)
34585,day procedure centre,EAST MELBOURNE DAY PROCEDURE CENTRE,MULTIPOINT (144.98631260935394 -37.816288274013345)
34586,day procedure centre,FOREST HILL DIALYSIS CLINIC,MULTIPOINT (145.1664084749019 -37.836272202530516)
34587,day procedure centre,DIAMOND VALLEY RENAL CARE CENTRE - GREENSBOROUGH,MULTIPOINT (145.10759385644093 -37.70531545265508)
34590,day procedure centre,GLEN EIRA DAY SURGERY,MULTIPOINT (145.01922011846162 -37.900421550789076)
34599,day procedure centre,HEIDELBERG ENDOSCOPY AND DAY SURGERY CENTRE,MULTIPOINT (145.06017852989376 -37.730478701547476)
34600,general hospital,DAYLESFORD HEALTH,MULTIPOINT (144.14550611979467 -37.3375867799457)
34618,day procedure centre,WERRIBEE ENDOSCOPY CENTRE,MULTIPOINT (144.68670597648583 -37.89048682114926)
34621,day procedure centre,IVANHOE ENDOSCOPY CENTRE,MULTIPOINT (145.04490592355904 -37.766986847724866)
34628,day procedure centre,KEW ENDOSCOPY,MULTIPOINT (145.06240592553667 -37.794386845097556)
34630,general hospital,KINGSTON CENTRE,MULTIPOINT (145.07990589197462 -37.9543868472925)
34632,general hospital,KOOWEERUP REGIONAL HEALTH SERVICE,MULTIPOINT (145.48495570951263 -38.20154854403656)
34635,day procedure centre,MALVERN DIALYSIS CLINIC,MULTIPOINT (145.03050592484135 -37.85148684026037)
34636,day procedure centre,MANNINGHAM PRIVATE HOSPITAL,MULTIPOINT (145.11520591971401 -37.77308684660132)
34638,day procedure centre,MELBOURNE DAY SURGERY CENTRE,MULTIPOINT (145.0304059228945 -37.88778683847831)
34639,day procedure centre,MELBOURNE ENDOSCOPY,MULTIPOINT (144.9791059315277 -37.844586837695566)
34640,day procedure centre,MELBOURNE ENDOSCOPY MONASH DAY PROCEDURE CENTRE,MULTIPOINT (145.1202058955756 -37.92138684686573)
34641,day procedure centre,MARIE STOPES INTERNATIONAL EAST ST KILDA,MULTIPOINT (145.00770592385624 -37.86018684075061)
34645,day procedure centre,NOBLE PARK ENDOSCOPY CENTRE,MULTIPOINT (145.18970588642327 -37.967086850953756)
34646,day procedure centre,NORTHWEST DAY HOSPITAL,MULTIPOINT (144.9093855555984 -37.771141104480265)
34651,day procedure centre,RESERVOIR PRIVATE HOSPITAL DAY PROCEDURE CENTRE,MULTIPOINT (144.99810594403388 -37.7175868352081)
34654,general hospital,ROYAL MELBOURNE HOSPITAL (ROYAL PARK CAMPUS),MULTIPOINT (144.94880593898856 -37.77828683521343)
34659,day procedure centre,SOUTHERN EYE CENTRE DAY SURGERY AND LASER CLINIC,MULTIPOINT (145.13200587572936 -38.14598685106618)
34660,day procedure centre,SPECIALIST SURGICENTRE DOCKLANDS,MULTIPOINT (144.94100593841705 -37.81448683990535)
34661,day procedure centre,SPECIALIST SURGICENTRE GEELONG,MULTIPOINT (144.3662060001975 -38.149086800403985)
34662,day procedure centre,SPRINGVALE ENDOSCOPY CENTRE AND DAY HOSPITAL,MULTIPOINT (145.14960588935867 -37.9494868540699)
34663,day procedure centre,ST ALBANS ENDOSCOPY CENTRE,MULTIPOINT (144.77940597505872 -37.743986824491245)
34664,day procedure centre,ST KILDA DAY HOSPITAL,MULTIPOINT (144.9822059308863 -37.87308684108416)
34666,day procedure centre,STONNINGTON DAY SURGERY,MULTIPOINT (145.0394047119671 -37.86364027794652)
34667,day procedure centre,GLEN IRIS PRIVATE,MULTIPOINT (145.0940315170794 -37.8580760986691)
34668,day procedure centre,THE GLEN ENDOSCOPY CENTRE,MULTIPOINT (145.16518685379185 -37.88462925074582)
34669,day procedure centre,HAMPTON PARK WOMENS HEALTH CLINIC,MULTIPOINT (145.26850585552353 -38.0314868588242)
34670,day procedure centre,TOORAK COSMETIC SURGERY DAY CENTRE,MULTIPOINT (145.00800592585338 -37.8413868386547)
34671,day procedure centre,TOORAK - MALVERN DAY SURGERY CENTRE,MULTIPOINT (145.02828836186575 -37.863955682185434)
34683,day procedure centre,WAVERLEY ENDOSCOPY,MULTIPOINT (145.14662384249237 -37.88033677043573)
34684,day procedure centre,WESTPOINT ENDOSCOPY DAY HOSPITAL,MULTIPOINT (144.67975419209043 -37.87747229560167)
34688,general hospital (emergency),WEST GIPPSLAND HEALTHCARE GROUP (WARRAGUL),MULTIPOINT (145.92750572721602 -38.17278690545884)
34689,day procedure centre,SUNSHINE PRIVATE DAY SURGERY,MULTIPOINT (144.81626873083863 -37.76101744009137)
34690,day procedure centre,WESTERN GASTROENTEROLOGY SERVICES,MULTIPOINT (144.88539316651006 -37.791967476976026)
34691,day procedure centre,KEILOR PRIVATE,MULTIPOINT (144.83383660324017 -37.719652173025466)
34695,general hospital,YARRAWONGA HEALTH,MULTIPOINT (146.00683866691193 -36.011184948471694)
34696,general hospital,NUMURKAH DISTRICT HEALTH SERVICE,MULTIPOINT (145.44380604235877 -36.09998685885112)
34698,general hospital (emergency),ALBURY WODONGA HEALTH (WODONGA),MULTIPOINT (146.87950580669593 -36.131786964119115)
34699,day procedure centre,BENDIGO DAY SURGERY,MULTIPOINT (144.26150616756487 -36.761886785889835)
34700,day procedure centre,CORYMBIA DAY HOSPITAL,MULTIPOINT (145.21691609655562 -37.977219639903176)
34701,day procedure centre,SKIN CANCER DAY SURGERY,MULTIPOINT (145.10530591202203 -37.86808684250806)
34704,day procedure centre,EAST MELBOURNE SPECIALIST DAY HOSPITAL,MULTIPOINT (144.9834046185788 -37.809667468773284)
34705,day procedure centre,GOONAWARRA DAY HOSPITAL,MULTIPOINT (144.7496060027548 -37.57978681545839)
34706,day procedure centre,IMAGING AT OLYMPIC PARK PTY LTD,MULTIPOINT (144.98370593084965 -37.8250868438895)
34707,day procedure centre,WINDSOR AVENUE DAY SURGERY,MULTIPOINT (145.14930589020156 -37.95138684706093)
34709,day procedure centre,ALTONA ENDOSCOPY CENTRE,MULTIPOINT (144.82848847301815 -37.8696347455922)
34710,general hospital,BENALLA HEALTH,MULTIPOINT (145.9935058989254 -36.554886901028176)
34879,day procedure centre,EPPING RADIATION ONCOLOGY CENTRE,MULTIPOINT (145.00921058044221 -37.650041188548656)
34880,day procedure centre,CASEY DAY PROCEDURE AND SPECIALIST CENTRE,MULTIPOINT (145.3143735792663 -38.02469674797938)
34881,day procedure centre,MORNINGTON ENDOSCOPY,MULTIPOINT (145.04393459418802 -38.22772985650237)
34882,day procedure centre,CHELSEA HEIGHTS DAY SURGERY AND ENDOSCOPY,MULTIPOINT (145.13457305069383 -38.03370076655157)
34883,general hospital,LATROBE PRIVATE HOSPITAL,MULTIPOINT (145.04450619812434 -37.716523609383835)
34884,day procedure centre,BALLARAT SURGICENTRE,MULTIPOINT (143.85199122951155 -37.5430615703286)
34885,day procedure centre,ST JOHN OF GOD BERWICK DAY ONCOLOGY CENTRE,MULTIPOINT (145.34539484963977 -38.04445586226863)
34886,day procedure centre,CASEY RADIATION ONCOLOGY CENTRE,MULTIPOINT (145.34529806056815 -38.04524795526675)
34887,day procedure centre,PANCH DAY SURGERY CENTRE,MULTIPOINT (145.00784144517698 -37.74679103205654)
34898,day procedure centre,DR SCOPE,MULTIPOINT (144.8325310742254 -37.77767683829692)
34899,general hospital,MONASH HOUSE PRIVATE HOSPITAL,MULTIPOINT (145.12029427561453 -37.92089267986877)
34902,general hospital,EPWORTH GEELONG,MULTIPOINT (144.30494554725163 -38.194212312649455)
34904,day procedure centre,ICON CANCER CENTRE WARRNAMBOOL,MULTIPOINT (142.47400767500434 -38.38061002344806)
34905,general hospital,VERMONT PRIVATE HOSPITAL,MULTIPOINT (145.19958506068733 -37.85855177296626)
34909,general hospital,HOLMESGLEN PRIVATE HOSPITAL,MULTIPOINT (145.05007438426017 -37.93539191912347)
34912,general hospital,EYE AND EAR ON THE PARK,MULTIPOINT (144.97738612238533 -37.81185943337508)
34913,day procedure centre,GENESISCARE RADIATION ONCOLOGY CENTRE ST VINCENTS HOSPITAL MELBOURNE,MULTIPOINT (144.97456958632804 -37.807684211156534)
34914,day procedure centre,FRESENIUS MEDICAL CARE SUNSHINE DIALYSIS CLINIC,MULTIPOINT (144.81600314388314 -37.761031926073464)
34916,general hospital,MILDURA BASE HOSPITAL,MULTIPOINT (142.14290673844977 -34.18548663700629)
34919,general hospital,ST JOHN OF GOD BERWICK HOSPITAL,MULTIPOINT (145.3453568404783 -38.04595986127526)
34921,general hospital,EPWORTH FREEMASONS - ALBERT ST,MULTIPOINT (144.984097934356 -37.810609834826465)
34922,day procedure centre,NEW AGE DENTAL,MULTIPOINT (145.07322610579283 -37.68317019215047)
34923,general hospital,EPPING PRIVATE HOSPITAL,MULTIPOINT (145.00921058044221 -37.650041188548656)
34924,general hospital,HABITAT THERAPEUTICS,MULTIPOINT (144.39925738206986 -38.170771706717545)
34926,day procedure centre,ROSEBUD DAY HOSPITAL,MULTIPOINT (144.88998082960057 -38.362185668797245)
34927,day procedure centre,PARAS CLINIC,MULTIPOINT (144.97264927590479 -37.81464777606836)
34928,general hospital,EPWORTH FREEMASONS - VICTORIA PDE,MULTIPOINT (144.98229380581438 -37.809274164694834)
34929,general hospital,THE HADER CLINIC,MULTIPOINT (144.3831599828777 -38.18053451071451)
34932,general hospital,ST VINCENTS PRIVATE HOSPITAL WERRIBEE,MULTIPOINT (144.7010027792519 -37.88806500809575)
34933,day procedure centre,ICON CANCER CENTRE MULGRAVE,MULTIPOINT (145.21393468132146 -37.938858821458986)
34934,day procedure centre,SOUTH YARRA DAY SURGERY,MULTIPOINT (144.99296634888753 -37.83752354160049)
34936,day procedure centre,ICON CANCER CENTRE RICHMOND,MULTIPOINT (144.99287750106637 -37.81764603447122)
34939,general hospital,ARROW HEALTH,MULTIPOINT (144.5358238939759 -37.347332016679744)
34940,day procedure centre,ROSEBUD ENDOSCOPY,MULTIPOINT (144.8893429867308 -38.36202964275287)
34950,day procedure centre,VICTORIAN CENTRE FOR MENTAL HEALTH,MULTIPOINT (145.4119128012887 -38.05985027502402)
34954,day procedure centre,ICON CANCER CENTRE FREEMASONS,MULTIPOINT (144.98436066123833 -37.81127229684866)
34961,day procedure centre,WARRINGAL PRIVATE HOSPITAL DAY ONCOLOGY AND INFUSION CENTRE,MULTIPOINT (145.060305927189 -37.755086846709155)
34962,day procedure centre,GREENSBOROUGH DAY SURGERY,MULTIPOINT (145.10634595680781 -37.70393013856043)
34963,day procedure centre,WARRINGAL PRIVATE HOSPITAL DAY PROCEDURE CENTRE,MULTIPOINT (145.060305927189 -37.755086846709155)
34967,day procedure centre,GENESISCARE RADIATION ONCOLOGY CENTRE - CABRINI MALVERN,MULTIPOINT (145.03360458012054 -37.86231414054012)
34989,general hospital,EPWORTH EASTERN EKERA,MULTIPOINT (145.11979190755542 -37.81292184516499)
34990,day procedure centre,HAMPTON DAY HOSPITAL,MULTIPOINT (145.03244791658113 -37.933127843898966)
34991,day procedure centre,VSC DAY SURGERY,MULTIPOINT (145.11012391656627 -37.773343842252444)
34992,general hospital,EPWORTH EASTERN KEW,MULTIPOINT (145.04811592249413 -37.808323847201926)
34998,day procedure centre,SOUTH YARRA MEDICAL CLINIC,MULTIPOINT (144.99618792328027 -37.8379598408238)
34999,day procedure centre,ICON CANCER CENTRE MORELAND,MULTIPOINT (144.9582829449156 -37.75457983371366)
35000,day procedure centre,WEST GIPPSLAND ENDOSCOPY CENTRE,MULTIPOINT (145.92768072518885 -38.17275691147131)
35002,day procedure centre,SKIN HEALTH INSTITUTE,MULTIPOINT (144.96800888678024 -37.80479902969001)
35003,general hospital,BARWON HEALTH NORTH,MULTIPOINT (144.35745900850728 -38.08497679343491)
35005,general hospital,PHILLIP ISLAND HEALTH HUB,MULTIPOINT (145.24112781330138 -38.452141862503616)
35006,day procedure centre,GENESISCARE RADIATION ONCOLOGY CENTRE - SHEPPARTON,MULTIPOINT (145.40371902013638 -36.37833785583732)
35009,day procedure centre,ICON CANCER CENTRE GEELONG,MULTIPOINT (144.3023560067437 -38.193886799477546)
35017,general hospital,SWAN HILL DISTRICT HEALTH (NYAH),MULTIPOINT (143.35568446377107 -35.1857437182162)
35019,day procedure centre,GIH ACCESS ENDOSCOPY,MULTIPOINT (145.41174883227532 -38.06022486701484)
35021,general hospital,OLD GEELONG PRIVATE,MULTIPOINT (144.36440400131085 -38.15102210129705)
35023,general hospital,ST VINCENTS ON THE PARK,MULTIPOINT (144.97738592938524 -37.81186083837507)
35024,general hospital,THOMAS EMBLING,MULTIPOINT (145.0099139351934 -37.78931084046256)
35025,general hospital,ST JOHN OF GOD BERWICK - GIBB ST,MULTIPOINT (145.34465854787388 -38.03456734915605)
35027,general hospital,SPRING ST DIALYSIS UNIT,MULTIPOINT (145.11900190552194 -37.814477847120145)
35028,general hospital,SOUTH GEELONG RENAL UNIT,MULTIPOINT (144.36775000868386 -38.151368796519726)
35029,general hospital,NORTH EAST KIDNEY SERVICE,MULTIPOINT (145.00343293959372 -37.749980843774274)
35036,general hospital,NEWCOMB DIALYSIS UNIT,MULTIPOINT (144.3955989935876 -38.1719797974833)
35037,day procedure centre,TEMPLESTOWE DAY SURGERY,MULTIPOINT (145.12843215220101 -37.75685304941304)
35040,general hospital,COBURG DIALYSIS UNIT,MULTIPOINT (144.9644119473322 -37.740941839047835)
35041,general hospital,BARWON HEALTH RENAL SERVICES,MULTIPOINT (144.36775000868386 -38.151368796519726)
35043,general hospital,EPPING DIALYSIS UNIT,MULTIPOINT (145.01658694706907 -37.650967840060055)
35044,general hospital,ESSENDON FIELDS DIALYSIS UNIT,MULTIPOINT (144.89799295169468 -37.72371783041002)
35046,general hospital,THE BAYS HOSPITAL MORNINGTON (HASTINGS SITE),MULTIPOINT (145.19035775996144 -38.30332138306915)
35047,day procedure centre,COSMOS COSMETIC DAY SURGERY MELBOURNE,MULTIPOINT (145.0192980675448 -37.81704410627797)
35048,day procedure centre,THE BAYS HOSPITAL HASTINGS,MULTIPOINT (145.1889938442274 -38.30309685897326)
35050,day procedure centre,NOTTING HILL CITY HEALTH DAY HOSPITAL,MULTIPOINT (145.1469998361976 -37.90968256464348)
35073,day procedure centre,ICON CANCER CENTRE HOLMESGLEN,MULTIPOINT (145.05007438426017 -37.93539191912347)
35074,day procedure centre,SYDENHAM ENDOSCOPY AND DAY SURGERY,MULTIPOINT (144.75858410939853 -37.690426479752304)
35075,day procedure centre,EAST SIDE RECOVERY,MULTIPOINT (145.28602009561692 -37.85909777597665)
35079,day procedure centre,ORYGEN RECOVERY,MULTIPOINT (144.94789694493727 -37.78021453916332)
35080,day procedure centre,DONCASTER SPECIALIST GROUP PTY LTD,MULTIPOINT (145.13289031008318 -37.78738945091051)
35094,general hospital,NORTHPARK PRIVATE HOSPITAL,MULTIPOINT (145.0619059258641 -37.691286845422454)
35096,general hospital,THE MELBOURNE CLINIC,MULTIPOINT (144.99965646320467 -37.81474951091751)
35103,general hospital,ALEXANDRA DISTRICT HEALTH,MULTIPOINT (145.71610587378376 -37.19528689015485)
35104,general hospital,BRIGHT HOSPITAL,MULTIPOINT (146.9661057203488 -36.732986972629334)
35109,general hospital,MOUNT BEAUTY HOSPITAL,MULTIPOINT (147.16940568765435 -36.74328699432686)
35110,general hospital (emergency),ANGLISS HOSPITAL,MULTIPOINT (145.31360586743034 -37.89868686414579)
35112,general hospital (emergency),AUSTIN HOSPITAL,MULTIPOINT (145.060405925019 -37.75648684672473)
35113,general hospital,HEIDELBERG REPATRIATION HOSPITAL,MULTIPOINT (145.0474059293139 -37.75608684082889)
35116,general hospital,WINDSOR PRIVATE HOSPITAL,MULTIPOINT (144.99806985198032 -37.85607218106492)
35117,general hospital (emergency),BAIRNSDALE REGIONAL HEALTH SERVICE,MULTIPOINT (147.60830548467013 -37.83168703459093)
35122,general hospital,ESSENDON PRIVATE CLINIC,MULTIPOINT (144.88538739720892 -37.74845391570574)
35123,general hospital (emergency),UNIVERSITY HOSPITAL GEELONG,MULTIPOINT (144.36540600511665 -38.151186800364)
35207,general hospital,MCKELLAR CENTRE (GEELONG),MULTIPOINT (144.33600601466816 -38.119286793232796)
35208,general hospital,BASS COAST HEALTH,MULTIPOINT (145.58090573209998 -38.60818688231231)
35209,general hospital,BEAUFORT  SKIPTON HEALTH SERVICE (BEAUFORT),MULTIPOINT (143.38220624978086 -37.43078672613022)
35210,general hospital,BEAUFORT  SKIPTON HEALTH SERVICE (SKIPTON),MULTIPOINT (143.36760622960162 -37.68418673379104)
35213,general hospital,BELEURA PRIVATE HOSPITAL,MULTIPOINT (145.04962237444045 -38.225421016879)
35220,general hospital,BELLBIRD PRIVATE HOSPITAL,MULTIPOINT (145.1552784582117 -37.832836014739435)
35221,general hospital (emergency),BENDIGO HOSPITAL,MULTIPOINT (144.280006170538 -36.751286786033724)
35225,general hospital,BOORT DISTRICT HEALTH,MULTIPOINT (143.72730632310748 -36.111986743396166)
35227,general hospital,BROADMEADOWS HEALTH SERVICE,MULTIPOINT (144.91340595929375 -37.68418683221415)
35229,general hospital,BUNDOORA CENTRE,MULTIPOINT (145.05480593402402 -37.70108684499542)
35230,general hospital,CABRINI BRIGHTON,MULTIPOINT (144.99153611503374 -37.91187683396285)
35232,general hospital,CALVARY HEALTH CARE BETHLEHEM,MULTIPOINT (145.0728336702361 -37.9905633530293)
35234,general hospital,CARITAS CHRISTI HOSPICE LTD,MULTIPOINT (145.01580592946453 -37.80498683896373)
35235,general hospital (emergency),CASEY HOSPITAL,MULTIPOINT (145.3470058512989 -38.044986869384566)
35236,general hospital,CASTERTON MEMORIAL HOSPITAL,MULTIPOINT (141.39280658538442 -37.59028661629168)
35238,general hospital,CAULFIELD GENERAL MEDICAL CENTRE,MULTIPOINT (145.01670592186863 -37.88238684250504)
35239,general hospital,MAFFRA HOSPITAL,MULTIPOINT (146.98340557294293 -37.96118697975429)
35240,general hospital (emergency),SALE HOSPITAL,MULTIPOINT (147.0808055310795 -38.10798699515008)
35241,general hospital,COHUNA DISTRICT HOSPITAL,MULTIPOINT (144.21470627206654 -35.80028677367441)
35245,general hospital,CRAIGIEBURN HEALTH SERVICE,MULTIPOINT (144.91980596565207 -37.596386836103804)
35246,general hospital,CRANBOURNE INTEGRATED CARE CENTRE,MULTIPOINT (145.2804058553369 -38.113186863157004)
35249,general hospital,DELMONT PRIVATE HOSPITAL,MULTIPOINT (145.09420591213558 -37.85728684067621)
35250,general hospital,ROYAL DENTAL HOSPITAL (MELBOURNE),MULTIPOINT (144.9645059379868 -37.799286834416336)
35251,day procedure centre,VICTORIA PARADE SURGERY CENTRE,MULTIPOINT (144.97500437316646 -37.808476503191194)
35257,general hospital,DJERRIWARRH HEALTH SERVICES (BACCHUS MARSH),MULTIPOINT (144.43250604116477 -37.678086801881626)
35262,general hospital,DONVALE REHABILITATION HOSPITAL,MULTIPOINT (145.17149738810855 -37.789980898595275)
35263,general hospital,DORSET REHABILITATION CENTRE,MULTIPOINT (144.94740600519594 -37.72321613777592)
35264,general hospital,WEST WIMMERA HEALTH SERVICE (RUPANYUP),MULTIPOINT (142.63159664712813 -36.63664138095032)
35265,general hospital,EAST GRAMPIANS HEALTH SERVICE (ARARAT),MULTIPOINT (142.93230634684124 -37.27868670579144)
35266,general hospital,EAST GRAMPIANS HEALTH SERVICE (WILLAURA),MULTIPOINT (142.74590634413462 -37.545086697327726)
35268,general hospital,EAST WIMMERA HEALTH SERVICE (BIRCHIP),MULTIPOINT (142.9159064643323 -35.980186694641894)
35269,general hospital,EAST WIMMERA HEALTH SERVICE (CHARLTON),MULTIPOINT (143.35251190684411 -36.26922519800491)
35270,general hospital,EAST WIMMERA HEALTH SERVICE (DONALD),MULTIPOINT (142.97640641410496 -36.36658670272724)
35271,general hospital,EAST WIMMERA HEALTH SERVICE (ST ARNAUD),MULTIPOINT (143.2465063574631 -36.60938671664754)
35272,general hospital,EAST WIMMERA HEALTH SERVICE (WYCHEPROOF),MULTIPOINT (143.23400640015487 -36.07868671551341)
35273,day procedure centre,WHITEHORSE DAY SURGERY,MULTIPOINT (145.11955725907458 -37.817679482178335)
35274,general hospital (emergency),ECHUCA REGIONAL HEALTH,MULTIPOINT (144.7486061424893 -36.13818681225227)
35275,general hospital,EDENHOPE DISTRICT MEMORIAL HOSPITAL,MULTIPOINT (141.28910664980634 -37.035186609370136)
35277,general hospital,EPWORTH EASTERN,MULTIPOINT (145.1195631024177 -37.814540414159254)
35278,general hospital,EPWORTH RICHMOND,MULTIPOINT (144.99287750106637 -37.81764603447122)
35279,general hospital,EPWORTH REHABILITATION BRIGHTON,MULTIPOINT (145.0025983559098 -37.91367609973165)
35280,general hospital,EPWORTH REHABILITATION CAMBERWELL,MULTIPOINT (145.05463848125436 -37.84592987388329)
35281,day procedure centre,ESSENDON DAY PROCEDURE CENTRE,MULTIPOINT (144.92364413670595 -37.76578024941883)
35282,general hospital,FRANCES PERRY HOUSE,MULTIPOINT (144.95476871271376 -37.79894509274883)
35307,general hospital (emergency),FRANKSTON HOSPITAL,MULTIPOINT (145.1293058706611 -38.1508868539099)
35347,general hospital,FRANKSTON PRIVATE HOSPITAL,MULTIPOINT (145.1331058666059 -38.154386855193835)
35348,general hospital,GIPPSLAND SOUTHERN HEALTH SERVICE (KORUMBURRA),MULTIPOINT (145.82850571771732 -38.43038690190626)
35360,general hospital,GIPPSLAND SOUTHERN HEALTH SERVICE (LEONGATHA),MULTIPOINT (145.9501056785617 -38.487286913029976)
35410,general hospital,GLENFERRIE PRIVATE HOSPITAL,MULTIPOINT (145.03092158427748 -37.81933186308958)
35425,general hospital,TATURA PUBLIC HOSPITAL,MULTIPOINT (145.22530603695 -36.43928684878862)
35503,general hospital,HEALESVILLE HOSPITAL AND YARRA VALLEY HEALTH,MULTIPOINT (145.52880585828126 -37.646886870690516)
35505,general hospital,CRESWICK HEALTH,MULTIPOINT (143.89170615897442 -37.42058676710468)
35506,general hospital,HESSE RURAL HEALTH SERVICE (WINCHELSEA),MULTIPOINT (143.98420606594337 -38.2430867750972)
35508,bush nursing hospital,HEYFIELD HOSPITAL INCORPORATED,MULTIPOINT (146.78367407653118 -37.976812671635486)
35510,general hospital,HEYWOOD RURAL HEALTH,MULTIPOINT (141.62460649222655 -38.137886630129174)
35516,general hospital,NORTH EASTERN REHABILITATION CENTRE,MULTIPOINT (145.03120592932476 -37.76338684276193)
35520,general hospital,JESSIE MCPHERSON PRIVATE HOSPITAL,MULTIPOINT (145.12084318852362 -37.92085024290638)
35522,general hospital,JOHN FAWKNER PRIVATE HOSPITAL,MULTIPOINT (144.95830594391083 -37.75458683371529)
35525,general hospital,KERANG DISTRICT HEALTH,MULTIPOINT (143.91760832239592 -35.72447375199894)
35526,general hospital,KNOX PRIVATE HOSPITAL,MULTIPOINT (145.2277009528711 -37.84889041185695)
35529,general hospital,KYNETON HEALTH,MULTIPOINT (144.47010608086393 -37.254486800732195)
35531,general hospital (emergency),"LATROBE REGIONAL HOSPITAL, TRARALGON",MULTIPOINT (146.47140563367893 -38.218786947673195)
35533,general hospital,LINACRE PRIVATE HOSPITAL,MULTIPOINT (145.00373592157257 -37.9424180139873)
35534,general hospital,LORNE COMMUNITY HOSPITAL,MULTIPOINT (143.9808060331322 -38.54548677171212)
35546,general hospital,MALDON HOSPITAL,MULTIPOINT (144.0640061805631 -36.992686768504434)
35548,general hospital,MALLEE TRACK - OUYEN,MULTIPOINT (142.31310663786107 -35.07448664851224)
35654,general hospital,MALVERN PRIVATE HOSPITAL,MULTIPOINT (145.0608059128689 -37.86708684343833)
35662,general hospital,ROBINVALE DISTRICT HEALTH SERVICES (MANANGATANG),MULTIPOINT (142.88080655501895 -35.05098668454752)
35674,general hospital,MANSFIELD DISTRICT HOSPITAL,MULTIPOINT (146.08651417994514 -37.05759175700889)
35696,general hospital,MARYBOROUGH DISTRICT HEALTH SERVICE (DUNOLLY),MULTIPOINT (143.73520624571364 -36.855386752616965)
35735,general hospital,MARYVALE PRIVATE HOSPITAL,MULTIPOINT (146.41870563833078 -38.215086947728686)
35736,general hospital,MASADA PRIVATE HOSPITAL,MULTIPOINT (145.0031059216096 -37.869786841494836)
35738,general hospital,MELTON HEALTH,MULTIPOINT (144.5590060173675 -37.68648681033675)
35739,general hospital (emergency),MERCY HOSPITAL FOR WOMEN,MULTIPOINT (145.06090593195424 -37.75628684575786)
35743,general hospital,MILDURA HEALTH PRIVATE HOSPITAL,MULTIPOINT (142.1453067391391 -34.18478663313735)
35744,general hospital,MITCHAM PRIVATE HOSPITAL,MULTIPOINT (145.19428590192481 -37.81028885129949)
35745,general hospital (emergency),MONASH MEDICAL CENTRE (CLAYTON),MULTIPOINT (145.12240589229137 -37.92048685301197)
35746,general hospital,MOORABBIN HOSPITAL,MULTIPOINT (145.0635059075083 -37.920886843957014)
35747,general hospital,MONASH SURGICAL PRIVATE HOSPITAL,MULTIPOINT (145.12060590246193 -37.9217868518958)
35749,general hospital,THE MELBOURNE EASTERN PRIVATE HOSPITAL,MULTIPOINT (145.26830588109235 -37.85548685472065)
35750,general hospital,MOYNE HEALTH SERVICES (PORT FAIRY),MULTIPOINT (142.22710635730874 -38.381486671230135)
35753,general hospital,CASTLEMAINE HEALTH,MULTIPOINT (144.21210614943956 -37.05258678049679)
35754,general hospital,MURRAY VALLEY PRIVATE HOSPITAL,MULTIPOINT (146.87610580445727 -36.138586963904864)
35755,bush nursing hospital,NAGAMBIE HEALTHCARE,MULTIPOINT (145.15015018501302 -36.78099097977217)
35756,general hospital,NATHALIA DISTRICT HOSPITAL,MULTIPOINT (145.19770608582107 -36.05718684041013)
35757,bush nursing hospital,NEERIM DISTRICT HEALTH SERVICE,MULTIPOINT (145.95409190304042 -38.02206192244909)
35758,general hospital (emergency),NORTHEAST HEALTH WANGARATTA,MULTIPOINT (146.3143058778666 -36.35428692420232)
35759,general hospital,OCONNELL FAMILY CENTRE,MULTIPOINT (145.06180592424886 -37.81628684319218)
35761,general hospital,ORBOST REGIONAL HEALTH,MULTIPOINT (148.4656053515276 -37.70168710307158)
35762,general hospital,OTWAY HEALTH,MULTIPOINT (143.66460606253986 -38.75388676082316)
35764,general hospital,PENINSULA PRIVATE HOSPITAL,MULTIPOINT (145.17011446072598 -38.15779438277343)
35767,general hospital,"PETER JAMES CENTRE, THE",MULTIPOINT (145.16400589254633 -37.85238685146426)
35768,general hospital,PETER MACCALLUM CANCER CENTRE,MULTIPOINT (144.95663928427626 -37.79998538688308)
35769,general hospital,PORTLAND DISTRICT HEALTH,MULTIPOINT (141.60620647770062 -38.34118663434016)
35770,general hospital,"QUEEN ELIZABETH CENTRE, THE",MULTIPOINT (145.1783058838482 -37.97218685219572)
35772,general hospital,RINGWOOD PRIVATE HOSPITAL,MULTIPOINT (145.24390589220124 -37.811386857749845)
35774,general hospital,ROBINVALE DISTRICT HEALTH SERVICES (ROBINVALE),MULTIPOINT (142.78200660525187 -34.58448667361995)
35775,general hospital,ROCHESTER AND ELMORE DISTRICT HEALTH SERVICE,MULTIPOINT (144.69780613339503 -36.36648680730178)
35779,general hospital (emergency),ROSEBUD HOSPITAL,MULTIPOINT (144.88460589058644 -38.36188683942949)
35780,general hospital (emergency),ROYAL MELBOURNE HOSPITAL,MULTIPOINT (144.95590593449012 -37.799186833828024)
35781,general hospital,ROYAL TALBOT REHABILITATION CENTRE,MULTIPOINT (145.02380592878677 -37.789286841414985)
35783,general hospital,RURAL NORTHWEST HEALTH (HOPETOUN),MULTIPOINT (142.36690657285462 -35.73258665784075)
35784,general hospital,RURAL NORTHWEST HEALTH (WARRACKNABEAL),MULTIPOINT (142.3821065249978 -36.252786665023365)
35785,general hospital,CABRINI MALVERN,MULTIPOINT (145.0335646271125 -37.86245133553822)
35786,general hospital,CABRINI PRAHRAN,MULTIPOINT (145.0088789293151 -37.85410703779335)
35787,general hospital (emergency),SANDRINGHAM HOSPITAL,MULTIPOINT (145.0185059139651 -37.96098683911457)
35788,general hospital,MALLEE TRACK - SEA LAKE,MULTIPOINT (142.85770652186199 -35.500486690087236)
35789,general hospital,SIR JOHN MONASH PRIVATE HOSPITAL,MULTIPOINT (145.1217058986442 -37.91838684895067)
35790,general hospital,SOUTH EASTERN PRIVATE HOSPITAL,MULTIPOINT (145.19250588608966 -37.96568685513912)
35791,general hospital,SOUTH GIPPSLAND HOSPITAL (FOSTER),MULTIPOINT (146.2062056258237 -38.65868693375765)
35792,general hospital (emergency),SOUTH WEST HEALTHCARE (WARRNAMBOOL),MULTIPOINT (142.47280631924116 -38.380386685376905)
35793,general hospital,SOUTH WEST HEALTHCARE (CAMPERDOWN),MULTIPOINT (143.1379062159877 -38.23708672407833)
35794,general hospital,ST GEORGES HEALTH SERVICE,MULTIPOINT (145.0532059215167 -37.809186845557)
35795,general hospital,ST JOHN OF GOD BENDIGO HOSPITAL,MULTIPOINT (144.26400741912795 -36.76206370905461)
35796,general hospital,ST JOHN OF GOD GEELONG HOSPITAL,MULTIPOINT (144.35781977144444 -38.151287452864814)
35797,general hospital,ST JOHN OF GOD PINELODGE CLINIC,MULTIPOINT (145.21330587598626 -37.96998685760784)
35798,general hospital,ST JOHN OF GOD WARRNAMBOOL HOSPITAL,MULTIPOINT (142.47940631391853 -38.37118668170537)
35799,general hospital,ST JOHN OF GOD FRANKSTON REHABILITATION HOSPITAL,MULTIPOINT (145.15633143068476 -38.15295063479008)
35800,general hospital (emergency),ST VINCENTS HOSPITAL,MULTIPOINT (144.97510593433245 -37.80678683918766)
35801,general hospital,ST VINCENTS PRIVATE HOSPITAL EAST MELBOURNE,MULTIPOINT (144.98446735114985 -37.81191571885994)
35802,general hospital,ST VINCENTS PRIVATE HOSPITAL FITZROY,MULTIPOINT (144.97604418905496 -37.80784156925838)
35803,general hospital,STAWELL REGIONAL HEALTH,MULTIPOINT (142.78140639112542 -37.05938669643047)
35804,general hospital (emergency),SUNSHINE HOSPITAL,MULTIPOINT (144.81600596600572 -37.759886826066555)
35807,general hospital (emergency),SWAN HILL DISTRICT HEALTH (SWAN HILL),MULTIPOINT (143.55660641457402 -35.34058672568908)
35811,general hospital,TERANG AND MORTLAKE HEALTH SERVICE (TERANG),MULTIPOINT (142.90240626273956 -38.23938670987465)
35812,general hospital,RAMSAY CLINIC ALBERT ROAD,MULTIPOINT (144.9721426678583 -37.83428483715543)
35813,general hospital (emergency),THE ALFRED,MULTIPOINT (144.9821059328974 -37.84558683890703)
35814,general hospital,THE AVENUE PRIVATE HOSPITAL,MULTIPOINT (144.99850592902274 -37.85498683808806)
35815,general hospital,THE GEELONG CLINIC,MULTIPOINT (144.3932059989497 -38.181986798386504)
35816,general hospital,MELBOURNE PRIVATE HOSPITAL,MULTIPOINT (144.95710593530356 -37.798986838908775)
35817,general hospital (emergency),THE NORTHERN HOSPITAL,MULTIPOINT (145.01510594714904 -37.652586837968606)
35818,general hospital (emergency),"ROYAL CHILDRENS HOSPITAL, THE",MULTIPOINT (144.948905944269 -37.79398683531764)
35819,general hospital (emergency),ROYAL VICTORIAN EYE AND EAR HOSPITAL,MULTIPOINT (144.97610592894154 -37.80878683626847)
35820,general hospital (emergency),"ROYAL WOMENS HOSPITAL, THE",MULTIPOINT (144.9551781246211 -37.799143828778035)
35821,general hospital,MULGRAVE PRIVATE HOSPITAL,MULTIPOINT (145.21310587647378 -37.938786856401045)
35822,general hospital,THE VICTORIA CLINIC,MULTIPOINT (144.99720592400044 -37.84808684395628)
35823,general hospital,THE VICTORIAN REHABILITATION CENTRE,MULTIPOINT (145.16215049080756 -37.89836105762085)
35824,general hospital,TIMBOON AND DISTRICT HEALTHCARE SERVICE,MULTIPOINT (142.9766062225131 -38.486486709817704)
35825,general hospital,TWEDDLE CHILD AND FAMILY HEALTH SERVICE,MULTIPOINT (144.88760595054043 -37.79738683516017)
35827,general hospital,BRUNSWICK PRIVATE HOSPITAL,MULTIPOINT (144.97171325238384 -37.75646880964343)
35828,general hospital,ST VINCENTS PRIVATE HOSPITAL KEW,MULTIPOINT (145.02400592287816 -37.80648683753542)
35829,general hospital,WANGARATTA PRIVATE HOSPITAL,MULTIPOINT (146.31220587978416 -36.34918692101428)
35830,general hospital,WANTIRNA HEALTH,MULTIPOINT (145.22620588420835 -37.84818685874878)
35831,general hospital,WARRINGAL PRIVATE HOSPITAL,MULTIPOINT (145.060305927189 -37.755086846709155)
35832,general hospital,WAVERLEY PRIVATE HOSPITAL,MULTIPOINT (145.14570590017348 -37.88468684939925)
35833,general hospital (emergency),MERCY PUBLIC HOSPITALS INC (WERRIBEE),MULTIPOINT (144.6992059688092 -37.88578681596079)
35834,general hospital,WEST WIMMERA HEALTH SERVICE (JEPARIT),MULTIPOINT (141.98440660857287 -36.14088664172648)
35835,general hospital,WEST WIMMERA HEALTH SERVICE (KANIVA),MULTIPOINT (141.24600670558138 -36.38148660303727)
35836,general hospital,WEST WIMMERA HEALTH SERVICE (NHILL),MULTIPOINT (141.6561066418891 -36.333886620787816)
35837,general hospital,WEST WIMMERA HEALTH SERVICE (RAINBOW),MULTIPOINT (141.9951066169005 -35.904086644825824)
35838,general hospital (emergency),HAMILTON BASE HOSPITAL,MULTIPOINT (142.03010645673908 -37.73728665618213)
35839,general hospital,PENSHURST  DISTRICT HEALTH,MULTIPOINT (142.28250639766804 -37.87718666836068)
35840,general hospital,WESTERN DISTRICT HEALTH SERVICE (COLERAINE),MULTIPOINT (141.69250653305724 -37.599786633596324)
35841,general hospital,WESTERN PRIVATE HOSPITAL,MULTIPOINT (144.8856489883494 -37.7930437650001)
35842,general hospital (emergency),WILLIAMSTOWN HOSPITAL,MULTIPOINT (144.89280595047532 -37.86358683492403)
35844,general hospital,DIMBOOLA HOSPITAL,MULTIPOINT (142.02420657152842 -36.4496866439012)
35846,general hospital,YARRAM AND DISTRICT HEALTH SERVICE,MULTIPOINT (146.67810554242547 -38.55708696225187)
35847,general hospital,YEA AND DISTRICT MEMORIAL HOSPITAL,MULTIPOINT (145.43130591688782 -37.21388686810191)
35848,general hospital (emergency),BALLARAT BASE HOSPITAL,MULTIPOINT (143.84740616173292 -37.55868675713299)
35849,general hospital,"QUEEN ELIZABETH CENTRE, BALLARAT",MULTIPOINT (143.84190615516164 -37.56388676081459)
35850,general hospital,BEECHWORTH HEALTH SERVICE,MULTIPOINT (146.69140580601697 -36.34948695429457)
35851,general hospital,COBRAM DISTRICT HEALTH,MULTIPOINT (145.65120601848338 -35.916486870313996)
35852,general hospital,COLAC AREA HEALTH,MULTIPOINT (143.58390612409477 -38.34148674726486)
35853,bush nursing hospital,EUROA HEALTH INC,MULTIPOINT (145.5700994144261 -36.75915713700082)
35854,general hospital (emergency),SHEPPARTON HOSPITAL,MULTIPOINT (145.40420601969106 -36.363086859773205)
35855,general hospital,WARANGA MEMORIAL HOSPITAL,MULTIPOINT (145.0164130598098 -36.587130836334715)
35856,general hospital,INGLEWOOD AND DISTRICTS HEALTH SERVICE,MULTIPOINT (143.8734062562969 -36.57228675260889)
35857,general hospital,KYABRAM DISTRICT HEALTH SERVICE,MULTIPOINT (145.04220607711576 -36.315286832359455)
35858,general hospital,HEATHCOTE HEALTH,MULTIPOINT (144.70970607546946 -36.92608681666676)
35859,general hospital,OMEO DISTRICT HEALTH,MULTIPOINT (147.59720556784978 -37.09808702805115)
35861,general hospital,SEYMOUR HEALTH,MULTIPOINT (145.13860599552194 -37.018486841483174)
35862,general hospital,SHEPPARTON PRIVATE HOSPITAL,MULTIPOINT (145.41080601701626 -36.35928685821144)
35863,general hospital,ST JOHN OF GOD BALLARAT HOSPITAL,MULTIPOINT (143.84760616081908 -37.55748676613831)
35864,general hospital,TALLANGATTA HEALTH SERVICE,MULTIPOINT (147.18390574606673 -36.213786989008675)
35865,general hospital,CORRYONG HEALTH,MULTIPOINT (147.90320563717287 -36.19878705058684)
35866,general hospital (emergency),HORSHAM HOSPITAL,MULTIPOINT (142.20920651561835 -36.71188666200252)
35867,general hospital,NORTH MELBOURNE RENAL CARE CENTRE,MULTIPOINT (144.93991421540602 -37.78866556567075)
35868,general hospital,GOLF LINKS ROAD REHABILITATION CENTRE,MULTIPOINT (145.1496058626665 -38.17278685444706)
35869,general hospital,THE MORNINGTON CENTRE,MULTIPOINT (145.0416058753383 -38.23008684135687)
35870,general hospital,YARRA RANGES HEALTH (LILYDALE),MULTIPOINT (145.3514058776568 -37.75658686790376)
35872,general hospital,EPWORTH HAWTHORN,MULTIPOINT (145.0228600244629 -37.82129652854864)
35873,general hospital,SUNBURY DAY HOSPITAL,MULTIPOINT (144.73270599694388 -37.57718681630262)
35874,general hospital (emergency),KILMORE DISTRICT HEALTH,MULTIPOINT (144.95810599171708 -37.301786836874285)
35875,general hospital (emergency),FOOTSCRAY HOSPITAL,MULTIPOINT (144.88740595211542 -37.79238683211556)
35876,general hospital,ORYGEN INPATIENT UNIT,MULTIPOINT (144.88699495729074 -37.79142423508163)
35877,general hospital,MYRTLEFORD HOSPITAL,MULTIPOINT (146.72910577018317 -36.55438695746632)
35895,day procedure centre,FRANKSTON RADIATION ONCOLOGY CENTRE,MULTIPOINT (145.1331058666059 -38.154386855193835)
35896,day procedure centre,RINGWOOD RADIATION ONCOLOGY CENTRE,MULTIPOINT (145.2435222662845 -37.81123515072224)
35897,general hospital,WOMENS SANDRINGHAM,MULTIPOINT (145.0185059139651 -37.96098683911457)
35898,general hospital,WYNDHAM CLINIC,MULTIPOINT (144.7007625904053 -37.88702355207315)
35899,day procedure centre,WESTERN RADIATION ONCOLOGY CENTRE,MULTIPOINT (144.8856624843451 -37.79306165400112)
35901,general hospital,URSULA FRAYNE CENTRE,MULTIPOINT (144.88698235027303 -37.79160856208191)
35902,general hospital,THE BAYS HOSPITAL MORNINGTON,MULTIPOINT (145.0413692851671 -38.22295668129686)
41606,general hospital,MARYBOROUGH DISTRICT HEALTH SERVICE (MARYBOROUGH),MULTIPOINT (143.73830622455648 -37.04508675300442)
